id,hash,data,files
2,6889734,,"[0,1]"
3,5985543,,"[0,1]"
4,4274261,,[0]
5,643310,,[0]
6,122708,,[0]
7,1527519,,[0]
8,1235847,,[0]
9,1826022,,[0]
10,8758049,,[0]
11,5419133,,[0]
12,2827703,,[0]
13,541256,,[0]
14,740165,,[0]
15,830832,,[0]
16,481549,,"[0,1]"
17,4349012,,"[0,1]"
18,6078343,,"[0,1]"
19,4554588,,"[0,1]"
20,3431998,,"[0,1]"
21,2135536,,"[0,1]"
22,2695674,,"[0,1]"
23,5463584,,[0]
24,8553766,,[0]
25,5622981,,[0]
26,6248360,,[0]
27,9664667,,[0]
28,5318710,,[0]
29,1976225,,[0]
30,4943414,,[0]
31,4695778,,[0]
32,3242545,,[0]
33,3692244,,[1]
34,530746,,[1]
35,214915,,[1]
36,2719369,,[1]
37,4610254,,[1]
38,4720255,,[1]
39,289227,,[1]
40,3975585,,[1]
41,7338755,,[1]
42,2371197,,[1]
43,2468970,,[1]
44,3488110,,[1]
45,2817515,,[1]
46,1756751,,[1]
